Artists:,Artwork name:,The link to the gallery.so
Chi Modu,"Snoop Dogg Los Angeles, California 1993 from the hip hop images digital poster series by Chi Modu",https://gallery.so/ForeverLands/2P3jfWkUkMYOVWAp5q4ITs5TptO/2P3iK3TUfUNuxkjUDKtuLzcqxum
Damien Hirst,"To go for the perfect match, Damien Hirst",https://gallery.so/ForeverLands/2P3jfUPaGRRNz8QZuLkjgBjp6Iu/2P3iK1nbecYVq5XVoCYL2m5oMIi
Tara Workman,Doppler Effect by Tara Workman,https://gallery.so/ForeverLands/2P3jfSSJkDOPPH62JUWyqzvOXdo/2P3iK3GRqJTcjKm5nFbvvPUFNoj
Tara Workman,Black Diamond by Tara Workman,https://gallery.so/ForeverLands/2P3jfSSJkDOPPH62JUWyqzvOXdo/2P3iK57vHODrAMAsYtgfkCePY7v
Tara Workman,Between the Sheets by Tara Workman,https://gallery.so/ForeverLands/2P3jfSSJkDOPPH62JUWyqzvOXdo/2P3iK1oeFAno0EpyYi7u05zMswn
Tara Workman,Meringue by Tara Workman,https://gallery.so/ForeverLands/2P3jfSSJkDOPPH62JUWyqzvOXdo/2P3iK2DFXajpirBPhoMkUFluok4
Tara Workman,Phantom by Tara Workman,https://gallery.so/ForeverLands/2P3jfSSJkDOPPH62JUWyqzvOXdo/2P3iK5EsQkAeuA2AnIPa171WLei
Bruno Militelli,Fireball,https://gallery.so/ForeverLands/2P3jfXLL8SB8pggFPHeJl6xtKz2/2P3iK6m5iEjpfHwtW225wAIBYXl
Singlezer0,I Made You Something but It Got Run Over by Tanks,https://gallery.so/ForeverLands/2P3jfUUP8Qv6Err0pU6shcfH5BC/2P3iK4B98DsmyeiCndzHpBRxFv5
Singlezer0,You're So Emotional,https://gallery.so/ForeverLands/2P3jfUUP8Qv6Err0pU6shcfH5BC/2P3iK3uhomhtmhqDfo1hMmgAOoC
Albert Dros,Fairy Forests #12 - Light Rays,https://gallery.so/ForeverLands/2P3jfSu5E1TrrAWNWnublvCLjP6/2P3iK3EJJgkWlv5I0H4QAa77UMD
Amir Zand,/ FORGOTTEN KINGDOM /,https://gallery.so/ForeverLands/2P3jfTHSkvIW1RFngi3UPICpXwr/2P3iK7zZ6hAO8uJg63AVwJWw5op
Amir Zand,Stranded (Summer Version),https://gallery.so/ForeverLands/2P3jfTHSkvIW1RFngi3UPICpXwr/2P3iK5NCwQ944B1HQsOEI6IwnVW
Ryan Koopmans,The Wild Within - ‚ÄòElevate‚Äô,https://gallery.so/ForeverLands/2P3jfTHSkvIW1RFngi3UPICpXwr/2P3iK35XOK6VTCPxRTtVQkdtDJd
Amir Zand,/ DESERTED HEART /,https://gallery.so/ForeverLands/2P3jfTHSkvIW1RFngi3UPICpXwr/2P3iK2NKVVhlru5K5VuSDWWWg0o
Pawel Nolbert,Rare Moments of Beauty - Together,https://gallery.so/ForeverLands/2P3jfTHSkvIW1RFngi3UPICpXwr/2P3iK6rICOPCReHJDAswrjr2hmW
MiraRuido,Inside Worlds - No. 4,https://gallery.so/ForeverLands/2P3jfTHSkvIW1RFngi3UPICpXwr/2P3iK8JT798Qjbo9a1kkrumUS47
Prime Render,Walking Guy,https://gallery.so/ForeverLands/2P3jfTHSkvIW1RFngi3UPICpXwr/2P3iK2JZXI5FwrpzY2zdpYVAp16
Brendan Canty,Las Luminarias: Old And Fearless,https://gallery.so/ForeverLands/2P3jfTHSkvIW1RFngi3UPICpXwr/2P3iK3gUFwhJZ5Gn2Lb66OntihO
Leonardo Papera,Lights on the Stage,https://gallery.so/ForeverLands/2P3jfT9cAW0VEitrRcheV7cGlLp/2P3iK2HRccR3ssu63thR7NpbQeT
Leonardo Papera,Dots of Happiness - Colors of the Cold Hearts by Leonardo Papera,https://gallery.so/ForeverLands/2P3jfT9cAW0VEitrRcheV7cGlLp/2P3iK1F1WCfr4J1assgnmTtepug
Leonardo Papera,Dots of Happiness - Colors of the Warm Hearts by Leonardo Papera,https://gallery.so/ForeverLands/2P3jfT9cAW0VEitrRcheV7cGlLp/2P3iK7413cEK9v8LQ0y5faNfxAk
Magda Gorska,Tremolo by Magda ùêÄùê¶ùêûùê´ùê¢ùêúùêöùêßùê†ùêöùêßùê†ùê¨ùê≠ùêö,https://gallery.so/ForeverLands/2P3jfSu5E1TrrAWNWnublvCLjP6/2P3iK5eNtrk0uhraExZGx8RWFh4
Magda Gorska,Komorebi by Magda ùêÄùê¶ùêûùê´ùê¢ùêúùêöùêßùê†ùêöùêßùê†ùê¨ùê≠ùêö,https://gallery.so/ForeverLands/2P3jfSu5E1TrrAWNWnublvCLjP6/2P3iK5bvd5hB9ClDGkb9qpoOrlN
Magda Gorska,Mono-no-aware by Magda ùêÄùê¶ùêûùê´ùê¢ùêúùêöùêßùê†ùêöùêßùê†ùê¨ùê≠ùêö,https://gallery.so/ForeverLands/2P3jfSu5E1TrrAWNWnublvCLjP6/2P3iK2i6kN96EGdAwOqgKTC8fQ1
Magda Gorska,Munasawagi by Magda ùêÄùê¶ùêûùê´ùê¢ùêúùêöùêßùê†ùêöùêßùê†ùê¨ùê≠ùêö,https://gallery.so/ForeverLands/2P3jfSu5E1TrrAWNWnublvCLjP6/2P3iK4QHEbGUvmz5DHX7dlgifW8
Magda Gorska,Revival by Magda ùêÄùê¶ùêûùê´ùê¢ùêúùêöùêßùê†ùêöùêßùê†ùê¨ùê≠ùêö,https://gallery.so/ForeverLands/2P3jfSu5E1TrrAWNWnublvCLjP6/2P3iK2Y3Ncvxj89bFo5roYjf0es
Iurie Belegurschi,White Angels of Camargue #17,https://gallery.so/ForeverLands/2P3jfSu5E1TrrAWNWnublvCLjP6/2P3iK3KUGr0xJ5T1W9Wg9mn5xzJ
Erik Pare & Kim Henry,Night Reflection 3.8 by Kim Henry & Eric Pare,https://gallery.so/ForeverLands/2P3jfYyASezQTztkvSZ7n0GFqwH/2P3iK5EZ9aVcL2SxgXU3t3qOHUe
Erik Pare & Kim Henry,Night Reflection 3.5 by Kim Henry & Eric Pare,https://gallery.so/ForeverLands/2P3jfYyASezQTztkvSZ7n0GFqwH/2P3iK2W15jCFGgIIY1lf7wJZWTx
Erik Pare & Kim Henry,Night Reflection 3.6 by Kim Henry & Eric Pare,https://gallery.so/ForeverLands/2P3jfYyASezQTztkvSZ7n0GFqwH/2P3iK1W9yPpuf81B4oW2Zd2apAG
Erik Pare & Kim Henry,Night Reflection 3.7 by Kim Henry & Eric Pare,https://gallery.so/ForeverLands/2P3jfYyASezQTztkvSZ7n0GFqwH/2P3iK7paroKo4o3nZov0H6zgYXG
Jay-Rness Ceria,Grace,https://gallery.so/ForeverLands/2P3jfY8GVj8dGsKoQuqsdKgEMzL/2P3iK1pqgWjGXZKhImQNzhM9eVi
Jay-Rness Ceria,Crease,https://gallery.so/ForeverLands/2P3jfY8GVj8dGsKoQuqsdKgEMzL/2P3iK3e5erDuABftgUHSSMQet7l
Jay-Rness Ceria,River of Clouds,https://gallery.so/ForeverLands/2P3jfY8GVj8dGsKoQuqsdKgEMzL/2P3iK3GLtfDTfgiPoS3fCWZYXuX
Jay-Rness Ceria,Emplace,https://gallery.so/ForeverLands/2P3jfY8GVj8dGsKoQuqsdKgEMzL/2P3iK3fek5yIJuJoUJxT5KKa3r7
Jay-Rness Ceria,Edge,https://gallery.so/ForeverLands/2P3jfY8GVj8dGsKoQuqsdKgEMzL/2P3iK5HxIQe5u8SxIo3n76APiGf
Tinchik,NOW YOU SEE,https://gallery.so/ForeverLands/2P3jfXgkZiqUCfi9nbJ0JgI5SMu/2P3iK4SBTRZ4UNicBaBj1Z1YTEO
Jeremy Lipking,Twilight Trail #1/10,https://gallery.so/ForeverLands/2P3jfVmnLTj8GSu7NigDMBrK9VE/2P3iK76Ch01j3AjNu93yKYoXQux
Richard Bernabe,Mirage,https://gallery.so/ForeverLands/2P3jfVmnLTj8GSu7NigDMBrK9VE/2P3iK8V2zsBPzUg45aZWxBE7Pbv
Wayne Haag (ankaris.eth),Into the tall grass,https://gallery.so/ForeverLands/2P3jfVmnLTj8GSu7NigDMBrK9VE/2P3iK6VR3W22Nx8G7Im2FBzFvce
oprisco.eth üá∫üá¶,Field of Dreams 1.3,https://gallery.so/ForeverLands/2P3jfSZbG325CgQOqogHaNYF4lf/2P3iK2fORCvUOFEswslv5LIsLqU
oprisco.eth üá∫üá¶,Field of Dreams 1.5,https://gallery.so/ForeverLands/2P3jfSZbG325CgQOqogHaNYF4lf/2P3iK7qw6XpVUXNknLzRKZKIe78
oprisco.eth üá∫üá¶,Field of Dreams 1.8,https://gallery.so/ForeverLands/2P3jfSZbG325CgQOqogHaNYF4lf/2P3iK3LmmmhvOI8p9dvsU1yjmFq
Mike Karolos,Pray,https://gallery.so/ForeverLands/2P3jfW2aQtwOi1u1BFiRVqOcpVP/2P3iK4GfhoTxtrX3D28SQycCb68
Mike Karolos,Bliss,https://gallery.so/ForeverLands/2P3jfW2aQtwOi1u1BFiRVqOcpVP/2P3iK6plAFZREOwQOwXiOtgojQq
Ryan Koopmans,Barcode,https://gallery.so/ForeverLands/2P3jfZ9nBhLSpfsSMAy5zpo95Kh/2P3iK7Cc1fNt70R9VXjUiTct8jJ
Pawel Nolbert,~Center,https://gallery.so/ForeverLands/2P3jfSu5E1TrrAWNWnublvCLjP6/2P3iK2YD7vtvewuMSYYlmHBCRmx
Pawel Nolbert,~Turning,https://gallery.so/ForeverLands/2P3jfSu5E1TrrAWNWnublvCLjP6/2P3iK2wTfrLuUTvvaUFeppRO8JB
Joey Lawrence,"Seamir, a Berbere Grind House Worker",https://gallery.so/ForeverLands/2P3jfZ58AonpoWxFYH8Cg3pWB4v/2P3iK6hDvvU8q0JbwCU4Rgpcjme
Joey Lawrence,Sisay Harvesting Honey in His Backyard,https://gallery.so/ForeverLands/2P3jfZ58AonpoWxFYH8Cg3pWB4v/2P3iK2qdBqm6ih60mjRCNV9rew6
Mattia Cuttini,Plan for White Pulsing Map,https://gallery.so/ForeverLands/2P3jfW5m7HjS2nOXJNRE9a2pkLI/2P3iK6H653TvyY0VR5ZPDZtW8wn
Philipp_Kapustin_art,Ra. the Sun God.,https://gallery.so/ForeverLands/2P3jfW5m7HjS2nOXJNRE9a2pkLI/2P3iK6eQG0txrS2oaWN2HCdeWv7
Kaleb,Wavelength #1033,https://gallery.so/ForeverLands/2P3jfZAC85rzuzTuQOLRzNiWJ2n/2P3iK2eGg0h4Z9sYMURnCByiONI
TYCHO : ISO50,Tetra,https://gallery.so/ForeverLands/2P3jfSu5E1TrrAWNWnublvCLjP6/2P3iK2LMsCNK0M7SSKpNgOFGlUn
TYCHO : ISO50,Anion,https://gallery.so/ForeverLands/2P3jfSu5E1TrrAWNWnublvCLjP6/2P3iK6jDEJLT2yGAI6qfkTrFKRB
TYCHO : ISO50,Borate,https://gallery.so/ForeverLands/2P3jfSu5E1TrrAWNWnublvCLjP6/2P3iK6VcojoCoELsPg0sLYVX6KS
X-Copy,BeastMode by XCOPY - Core Crypto 2021 (94 of 150),https://gallery.so/ForeverLands/2P3jfTjUAe8SFRoEiI8oo8aApkT/2P3iK2ll4cCWEii9DT0qH308nZB
Thomas Lin Pedersen,Screens #823,https://gallery.so/ForeverLands/2P3jfZp8vAc71e7u3Aqnv1KPDMU/2P3iK3ZtMfMvqX8PISxveqPmEDc
Benjamin Garcia,The checkpoint,https://gallery.so/ForeverLands/2P3jfTHSkvIW1RFngi3UPICpXwr/2P3iK2UGn5ASwGMw5wkOOtJ9xW1
Kutlu Kutluer,LookUp #1,https://gallery.so/ForeverLands/2P3jfaEnCx3I8is05lKWycIQICP/2P3iK4Eo299RNhYDoFXC6y1M5NW
Kutlu Kutluer,LookUp #2,https://gallery.so/ForeverLands/2P3jfaEnCx3I8is05lKWycIQICP/2P3iK8XrpYw1WI7uHYfuxWARdYM
Yatreda,STRONG HAIR : 054 : ·ç∂·ç¨,https://gallery.so/ForeverLands/2P3jfYqXiBuNKbmrSYaFEavCr2w/2P3iK2owfBILpTwdMBlP58fikUU
Yatreda,STRONG HAIR : 066 : ·ç∑·çÆ,https://gallery.so/ForeverLands/2P3jfYqXiBuNKbmrSYaFEavCr2w/2P3iK2T52D42KKCINSXej9tiO39
Singlezer0,Sad Cycle,https://gallery.so/ForeverLands/2P3jfUUP8Qv6Err0pU6shcfH5BC/2P3iK2rCWQzqVpiDiAVv2PJWTok
Ondrej Zunka,Strelitzia Vocatio Ondrej Zunka,https://gallery.so/ForeverLands/2P3jfTT8aKF0KZjN9CqaXhcJlk1/2P3iK6okslYvv2p4MdFg0nEmQMw
Shir Pakman,Midnight Ride by Shir Pakman,https://gallery.so/ForeverLands/2P3jfTHSkvIW1RFngi3UPICpXwr/2P3iK6d1veUibuRycZ2KwiNOpxG
Bruno Militelli,SI-III - Space Invaders by Bruno Militelli,https://gallery.so/ForeverLands/2P3jfVlES0WBbmGgJsRdTVWOaJo/2P3iK665dFAXwXNFiZZnIJqSiNQ
Bruno Militelli,SI-V - Space Invaders by Bruno Militelli,https://gallery.so/ForeverLands/2P3jfVlES0WBbmGgJsRdTVWOaJo/2P3iK2TbB4nMUuk10YntTuy4mgg
Mustafa Aydin,"The Giant Squid Nebula by Mustafa AYDIN ""Universe to Metaverse""",https://gallery.so/ForeverLands/2P3jfUjZPeshRCqbhMTolMgG6kY/2P3iK2MPW32R8Gf24IjD6nfd6Fh
Mustafa Aydin,"Vela Supernova Remnant by Mustafa AYDIN ""Universe to Metaverse""",https://gallery.so/ForeverLands/2P3jfUjZPeshRCqbhMTolMgG6kY/2P3iK6RRiDG1cTRKSluFP3jQt1s
Jake Fried,Night Vision Series x 3,https://gallery.so/ForeverLands/2P3jfZPoVmVxrhK6TqBv0hCvKci/2P3iK6QYHETleWHL1KkHk3dHMx0
Jake Fried,Middle C #220 Night Vision ,https://gallery.so/ForeverLands/2P3jfZPoVmVxrhK6TqBv0hCvKci/2P3iK2APPArl7RdGp6lZQEmKqD9
Jake Fried,Verge #208 Night Vision ,https://gallery.so/ForeverLands/2P3jfZPoVmVxrhK6TqBv0hCvKci/2P3iK6NKwiLSQsUhu9c1y29bF8W
Mark Weaver,Transmission,https://gallery.so/ForeverLands/2P3jfTHSkvIW1RFngi3UPICpXwr/2P3iK4KRkvnzrD1Kr3cazToP4Hw
Brendan Canty,Las Luminarias: Old And Fearless,https://gallery.so/ForeverLands/2P3jfTHSkvIW1RFngi3UPICpXwr/2P3iK3gUFwhJZ5Gn2Lb66OntihO
Huemin,Seek 100,https://gallery.so/ForeverLands/2P3jfVoqXvwOZjvHUKy7EdmaCvC/2P3iK864lPu8cliSw1ydnvnfgkO
Huemin,Seek 101,https://gallery.so/ForeverLands/2P3jfVoqXvwOZjvHUKy7EdmaCvC/2P3iK3s7W4O4N254A3VEGMBCqxh
Huemin,Seek 102,https://gallery.so/ForeverLands/2P3jfVoqXvwOZjvHUKy7EdmaCvC/2P3iK2jWgqHPw0K4NNxe80AShmt
Ricardo Braz,Linger,https://gallery.so/ForeverLands/2P3jfYgaIcfltDBscP8NXuMEEQi/2P3iK6FglngM3bWv0zEgBbCViix
Tania Rivilis Œû Col≈çrem,Hottest Day in California,https://gallery.so/ForeverLands/2P3jfXPBMEQZRsHMtSqbYN6RsSw/2P3iK8D8ttxlw5q8T0aNMxCutwv
Tania Rivilis Œû Col≈çrem,My mind in your reflections,https://gallery.so/ForeverLands/2P3jfTba0SuGEOoqTJ38iCPBu1c/2P3iK2ck9dmMByyUUD2Wmw1vzM8
Giulio Aprin,Sandrops,https://gallery.so/ForeverLands/2P3jfTHSkvIW1RFngi3UPICpXwr/2P3iK4JOYg5nHpR2ZKi4H8hnyur
Jeremy Cowart,Lightograph I: In Bloom,https://gallery.so/ForeverLands/2P3jfUCt2rnPgJWzhmWlAIKkktm/2P3iK5m2kUBssnivDZJVIqXD4bQ
Trevor Jones,EthGirl (M) #29/100,https://gallery.so/ForeverLands/2P3jfTzCEZaEHEgY90iAXEe24oE/2P3iK7IIpkuBkKgQRyKI6fW88Wc
Vhils,Tears - Layers. 1611,https://gallery.so/ForeverLands/2P3jfYfwuDXoTBhcM2nj6tmwozB/2P3iK8Ht1oG0Db1wlCILdZUPlpH
Vhils,Tears - Layers. 1612,https://gallery.so/ForeverLands/2P3jfYfwuDXoTBhcM2nj6tmwozB/2P3iK7RlCaMn7x15hYrFnCcbJmp
Vhils,Tears - Layers. 1613,https://gallery.so/ForeverLands/2P3jfYfwuDXoTBhcM2nj6tmwozB/2P3iK2ygb2qGh4LiHfoivvbaYtI
Vhils,Tears - Layers. 1614,https://gallery.so/ForeverLands/2P3jfYfwuDXoTBhcM2nj6tmwozB/2P3iK8HkBm09q0WshQJHNUhIMpW
Vhils,Tears - Layers. 1615,https://gallery.so/ForeverLands/2P3jfYfwuDXoTBhcM2nj6tmwozB/2P3iK5p1SFDMiADo6e5yhdt7Ry9
Project Anomaly / Amir Zand,/GENESIS/Œ±,https://gallery.so/ForeverLands/2P3jfYZ3tCaQtQj1o6YE2FVKwcZ/2P3iK6sr8dNBDiw6AF0m1mDucE2
Uzay √á√∂p√º,AFTERMATH : The Cemetery,https://gallery.so/ForeverLands/2P3jfTHSkvIW1RFngi3UPICpXwr/2P3iK5dwpk3DqR9W48PaaCRC7al
Hugo Dias,Cure,https://gallery.so/ForeverLands/2P3jfXKBNdIUJImRY5AiJwrcjoO/2P3iK5IVmCIEtt3ezQrpPPTblwI
M.G.H·¥∫·∂†·µÄ,Jack of Hearts ,https://gallery.so/ForeverLands/2P3jfUFUgK4eUVFCRyMtv48GEtN/2P3iK1C54bkSG2OCfonRDYFG65E
Pixel Blossom,Pixel Blossom Genesis #9,https://gallery.so/ForeverLands/2P3jfTyoJOvYiDVqKJxda4IxKNX/2P3iK5IqSwAtji9D6PCsHG83R4d
Jeremy Cowart,Lightograph II: Amaya in Gold,https://gallery.so/ForeverLands/2P3jfUCt2rnPgJWzhmWlAIKkktm/2P3iK7IY9dEMVj4No4Khps4Rsts
Brendan Canty,Atali‚Äôi O Le Crezent - Short Film,https://gallery.so/ForeverLands/2P3jfTHSkvIW1RFngi3UPICpXwr/2P3iK2lDbltt3IhMYIYmh7plMXM
Hossein Goshtasbi ,Savior of peace,https://gallery.so/ForeverLands/2P3jfVxmtUTWpkJUlcysQVHDvHC/2P3iK18tIjDzNTsnvkeBNffmM7m
Summer Wagner,Reflection of a Future Self,https://gallery.so/ForeverLands/2P3jfWteuPDaT3klTDK89UgCHm8/2P3iK38971Dh7x2WkMEZfCTcSUi
Magnum photos,"Magnum 75 #24 by Rene Burri. Altiplano, South America. 1958",https://gallery.so/ForeverLands/2P3jfTcW7eAqJgqIo6oREiU6Vev/2P3iK2DQLvsgiwD3WPo0ktOxyB7
Pascal Blanch√©,Quai des Etoiles #1,https://gallery.so/ForeverLands/2P3jfTHSkvIW1RFngi3UPICpXwr/2P3iK5QQIc9GdqbxjNJGkUZQeBu
reilly,Dancing Cheek to Cheek,https://gallery.so/ForeverLands/2P3jfTHSkvIW1RFngi3UPICpXwr/2P3iK8EsuP0aHDeHUP4u1Q9p43q
Z. Parkah,land of clowns,https://gallery.so/ForeverLands/2P3jfXlzaHCixoV3i3yFoazpbD7/2P3iK1A4jG5tsXLBu8XKEh8WsGX
i/o,Nucleus #4,https://gallery.so/ForeverLands/2P3jfZdqhMYOcdduu09vw2ayFGy/2P3iK1C54DONOw7reepOY7YLBIX
jasonchambersart,Enchanted Night,https://gallery.so/ForeverLands/2P3jfW5m7HjS2nOXJNRE9a2pkLI/2P3iK2wxqp9dl2n5JRp3cr2pqMx
jasonchambersart,Second Thoughts,https://gallery.so/ForeverLands/2P3jfW5m7HjS2nOXJNRE9a2pkLI/2P3iK80HQAIrpWjITlaKu2TOH9Z
Nick Sheehy,The Fisher,https://gallery.so/ForeverLands/2P3jfTHSkvIW1RFngi3UPICpXwr/2P3iK8SQBOH1th9bG8pfb7KXbzW
Jon Sanchez,Dark Wave,https://gallery.so/ForeverLands/2P3jfTFqOqAcUUqXpwKvaLDQ5Af/2P3iK6BrlvU6tKmJHw4OgzxAgaA
Patricia Costa,Uni√£o,https://gallery.so/ForeverLands/2P3jfUgJhfRTVYBW1QtkUkJLFAI/2P3iK6EoI9WX7Oy3ZGG70En5XjX
Patricia Costa,P√© de caj√∫,https://gallery.so/ForeverLands/2P3jfTba0SuGEOoqTJ38iCPBu1c/2P3iK2JM3AhnNaQNUjBgdjJuave
Noah Verrier,"Garlic, Oil, Herbs",https://gallery.so/ForeverLands/2P3jfWXt32fx4fswJCV1rTwKgGt/2P3iK7EDJMWghO22RhTLjBVRJgp
Osinachi,ATF #024,https://gallery.so/ForeverLands/2P3jfTlgzknHhvUllyOAYxgxY63/2P3iK80IrTYIDtD7e8Kb99UFwWz
Adam Yates,Love After Life,https://gallery.so/ForeverLands/2P3jfTHSkvIW1RFngi3UPICpXwr/2P3iK45bSmspr9lxPvMJp3jofIH
Stefano Colferai,Please confirm you are not a robot,https://gallery.so/ForeverLands/2P3jfTHSkvIW1RFngi3UPICpXwr/2P3iK5znl3sETSED7zN9OTGJK8H
Menossi,Ethermatter,https://gallery.so/ForeverLands/2P3jfTESC1SfRwQYHx2YliWdjz7/2P3iK6j9NvUCZMjVCmhzQSXScyV
Andrea Chiampo À£ ∏ ·∂ª,FLUXUS TEMPORIS,https://gallery.so/ForeverLands/2P3jfTHSkvIW1RFngi3UPICpXwr/2P3iK8SN7wavvnb6YpwpHFJSZLK
Synchrodogs,Nature Twins #14,https://gallery.so/ForeverLands/2P3jfYMtbccupO0VAb1lfEHchEF/2P3iK1tuewva0uVzY5bDpp8sxhq
Dangiuz,Weltschmerz,https://gallery.so/ForeverLands/2P3jfTHSkvIW1RFngi3UPICpXwr/2P3iK1vvMjwuJN9deioz1dreWhT
JumpStart Designers,There's No Doubt by Elise Swopes,https://gallery.so/ForeverLands/2P3jfX5sVYd4nyhhlxyNYsQ2oLl/2P3iK5CO06l8FonXwx0AFjnvS9q
Jake Inez,Hidden World,https://gallery.so/ForeverLands/2P3jfTHSkvIW1RFngi3UPICpXwr/2P3iK3ghk5kDyXbArWo79f94PA1
Don Marqvez,Rise Above,https://gallery.so/ForeverLands/2P3jfTHSkvIW1RFngi3UPICpXwr/2P3iK6HEDqSBrHNjnPOUKVZsi3C
√ñmer Faruk Alag√∂z,Who. ,https://gallery.so/ForeverLands/2P3jfTHSkvIW1RFngi3UPICpXwr/2P3iK5EAuG9SFQVS3ZiuKL8o16u
Dangiuz,A Breath of Fresh Air,https://gallery.so/ForeverLands/2P3jfXSVFMyMpBM3XyNx2vC0iEM/2P3iK8lZodSiftf6hS9C5Tkqb3M
Dangiuz,Century Alley,https://gallery.so/ForeverLands/2P3jfXSVFMyMpBM3XyNx2vC0iEM/2P3iK8ieieNJJsEOZl1nlQjYN4W
Grisha Kim,Choice,https://gallery.so/ForeverLands/2P3jfXM31MdBEPlUt3g1r852Lfz/2P3iK4eC7IdSiuKD0K3jYom808b
Magda Americangangsta,Don't turn your eyes,https://gallery.so/ForeverLands/2P3jfSu5E1TrrAWNWnublvCLjP6/2P3iK5l4Wo626lcXVMn6CNU7r3V
Grisha Kim,Lost house,https://gallery.so/ForeverLands/2P3jfVJIP71BPBlRuqX2CuTD7dw/2P3iK2br4uhFGQe1rj4CKsanCuy
Grisha Kim,Lost Civilization,https://gallery.so/ForeverLands/2P3jfVJIP71BPBlRuqX2CuTD7dw/2P3iK3dd5IzLLf7Id3XYG6dNjeq
GrishaKim,Start of the journey,https://gallery.so/ForeverLands/2P3jfVaeDkUt4Yvh2RWdVNacC0M/2P3iK2eULwmo6HueN0DsmfRjXOU
Foleee,Icarus,https://gallery.so/ForeverLands/2P3jfW5m7HjS2nOXJNRE9a2pkLI/2P3iK4EsVK5liT5XGvNDqwC6Uqs
Damien Hirst,One fell sword,https://gallery.so/ForeverLands/2P3jfUPaGRRNz8QZuLkjgBjp6Iu/2Qy5vE5yQ0oPLH01oKHGmU7ZEm9